{
  "name": "neo4j-sink",
  "config": {
    "connector.class": "streams.kafka.connect.sink.Neo4jSinkConnector",
    "topics": "nyc_taxicab_data",
    "neo4j.server.uri": "bolt://neo4j-service:7687",
    "neo4j.authentication.username": "neo4j",
    "neo4j.authentication.password": "project1phase2",
    "neo4j.topic.cypher.nyc_taxicab_data": "WITH apoc.convert.fromJsonMap(toString($.value)) AS event MERGE (p:Pickup {id: event.PULocationID}) MERGE (d:Dropoff {id: event.DOLocationID}) MERGE (p)-[t:TRIP {distance: toFloat(event.trip_distance), fare: toFloat(event.fare_amount)}]->(d)",
    "key.converter": "org.apache.kafka.connect.storage.StringConverter",
    "value.converter": "org.apache.kafka.connect.json.JsonConverter",
    "value.converter.schemas.enable": "false",
    "errors.tolerance": "all",
    "errors.log.enable": "true"
  }
}